INSERT INTO oauth_client_details
	(client_id, client_secret, scope, authorized_grant_types,
	web_server_redirect_uri, authorities, access_token_validity,
	refresh_token_validity, additional_information, autoapprove)
VALUES
	('fooClientIdPassword', 'secret', 'foo,read,write',
	'password,authorization_code,refresh_token', null, null, 36000, 36000, null, true);
INSERT INTO oauth_client_details
	(client_id, client_secret, scope, authorized_grant_types,
	web_server_redirect_uri, authorities, access_token_validity,
	refresh_token_validity, additional_information, autoapprove)
VALUES
	('sampleClientId', 'secret', 'read,write,foo,bar',
	'implicit', null, null, 36000, 36000, null, false);
INSERT INTO oauth_client_details
	(client_id, client_secret, scope, authorized_grant_types,
	web_server_redirect_uri, authorities, access_token_validity,
	refresh_token_validity, additional_information, autoapprove)
VALUES
	('barClientIdPassword', 'secret', 'bar,read,write',
	'password,authorization_code,refresh_token', null, null, 36000, 36000, null, true);
	
	/* User */
  

INSERT INTO USER_(ID, USER_NAME, PASSWORD, ACCOUNT_EXPIRED, ACCOUNT_LOCKED, CREDENTIALS_EXPIRED, ENABLED,ROLE)
  VALUES (1, 'admin', /*admin1234*/'$2a$08$qvrzQZ7jJ7oy2p/msL4M0.l83Cd0jNsX6AJUitbgRXGzge4j035ha', FALSE, FALSE, FALSE, TRUE,'ADMIN');

INSERT INTO USER_(ID, USER_NAME, PASSWORD, ACCOUNT_EXPIRED, ACCOUNT_LOCKED, CREDENTIALS_EXPIRED, ENABLED,ROLE)
  VALUES (2, 'reader', /*reader1234*/'$2a$08$dwYz8O.qtUXboGosJFsS4u19LHKW7aCQ0LXXuNlRfjjGKwj5NfKSe', FALSE, FALSE, FALSE, TRUE,'USER');

INSERT INTO USER_(ID, USER_NAME, PASSWORD, ACCOUNT_EXPIRED, ACCOUNT_LOCKED, CREDENTIALS_EXPIRED, ENABLED,ROLE)
  VALUES (3, 'modifier', /*modifier1234*/'$2a$08$kPjzxewXRGNRiIuL4FtQH.mhMn7ZAFBYKB3ROz.J24IX8vDAcThsG', FALSE, FALSE, FALSE, TRUE,'USER');



  INSERT INTO AUTHORITY(ID, NAME) VALUES (1, 'COMPANY_CREATE');
INSERT INTO AUTHORITY(ID, NAME) VALUES (2, 'COMPANY_READ');
INSERT INTO AUTHORITY(ID, NAME) VALUES (3, 'COMPANY_UPDATE');
INSERT INTO AUTHORITY(ID, NAME) VALUES (4, 'COMPANY_DELETE');

INSERT INTO AUTHORITY(ID, NAME) VALUES (5, 'DEPARTMENT_CREATE');
INSERT INTO AUTHORITY(ID, NAME) VALUES (6, 'DEPARTMENT_READ');
INSERT INTO AUTHORITY(ID, NAME) VALUES (7, 'DEPARTMENT_UPDATE');
INSERT INTO AUTHORITY(ID, NAME) VALUES (8, 'DEPARTMENT_DELETE');

INSERT INTO AUTHORITY(ID, NAME) VALUES (9, 'ROLE_COMPANY_READER');
INSERT INTO AUTHORITY(ID, NAME) VALUES (10, 'ROLE_ADMIN');
INSERT INTO USERS_AUTHORITIES(USER_ID, AUTHORITY_ID) VALUES (1, 1);
INSERT INTO USERS_AUTHORITIES(USER_ID, AUTHORITY_ID) VALUES (1, 2);
INSERT INTO USERS_AUTHORITIES(USER_ID, AUTHORITY_ID) VALUES (1, 3);
INSERT INTO USERS_AUTHORITIES(USER_ID, AUTHORITY_ID) VALUES (1, 4);
INSERT INTO USERS_AUTHORITIES(USER_ID, AUTHORITY_ID) VALUES (1, 5);
INSERT INTO USERS_AUTHORITIES(USER_ID, AUTHORITY_ID) VALUES (1, 6);
INSERT INTO USERS_AUTHORITIES(USER_ID, AUTHORITY_ID) VALUES (1, 7);
INSERT INTO USERS_AUTHORITIES(USER_ID, AUTHORITY_ID) VALUES (1, 8);
INSERT INTO USERS_AUTHORITIES(USER_ID, AUTHORITY_ID) VALUES (1, 9);
INSERT INTO USERS_AUTHORITIES(USER_ID, AUTHORITY_ID) VALUES (1, 10);
INSERT INTO USERS_AUTHORITIES(USER_ID, AUTHORITY_ID) VALUES (2, 2);
INSERT INTO USERS_AUTHORITIES(USER_ID, AUTHORITY_ID) VALUES (2, 6);

INSERT INTO USERS_AUTHORITIES(USER_ID, AUTHORITY_ID) VALUES (3, 3);
INSERT INTO USERS_AUTHORITIES(USER_ID, AUTHORITY_ID) VALUES (3, 7);



